{
  "numBasis": 6,
  "basisS": [
    [
      [
        -0.08196562614982383,
        0.46858345469510176
      ],
      [
        0.46858345469510176,
        -0.4720536649999394
      ]
    ],
    [
      [
        0.8391203247282579,
        0.4111255345634237
      ],
      [
        0.4111255345634237,
        0.17588531238907024
      ]
    ],
    [
      [
        -0.8343902132101433,
        0.4863735633418209
      ],
      [
        0.4863735633418209,
        0.5037324677170889
      ]
    ],
    [
      [
        -0.19690154632734114,
        0.4571359784915543
      ],
      [
        0.4571359784915543,
        -0.7889233157136943
      ]
    ],
    [
      [
        -0.05747670110263359,
        0.09180181814428501
      ],
      [
        0.09180181814428501,
        -0.5672639397142523
      ]
    ],
    [
      [
        -0.5767939044480208,
        0.2875284500791686
      ],
      [
        0.2875284500791686,
        0.35735232771114855
      ]
    ]
  ],
  "centers": [
    [
      3.7660849257419287,
      0.21964250201877178
    ],
    [
      -4.137765730458675,
      -1.2208704569511415
    ],
    [
      -4.883554270307533,
      4.27266163342162
    ],
    [
      0.43756766951068116,
      -0.20668329527575402
    ],
    [
      -2.5465077221929526,
      2.59896001561588
    ],
    [
      4.849929975443043,
      -2.8295487843666134
    ]
  ],
  "a": [
    -1.0709697871664332,
    100.0,
    100.0,
    -0.7304692624091018,
    0.49919644711756916,
    99.99999999999997
  ],
  "activeIndices": [
    23,
    27,
    50
  ],
  "constraints": [
    {
      "params": [
        -1.9991853305023106,
        0.7361223553664695,
        2.182178299553426,
        0.6459483784290181
      ],
      "L": [
        0.09844114389393284,
        4.475517571095892e-16,
        3.470152387616846e-58,
        0.002153614143126648,
        -1.0606444029314973e-25,
        7.022532452865563e-13
      ],
      "B": 0.10700063978887618
    },
    {
      "params": [
        1.2557879554539433,
        -0.8779684965162651,
        -0.9508678180666088,
        0.6446664585879505
      ],
      "L": [
        -1.2449658428530974e-07,
        4.316009027606645e-19,
        -4.151247826449292e-05,
        -0.05544855315081588,
        -0.28695469033069193,
        -5.049046905832573e-13
      ],
      "B": 0.10689441271992797
    },
    {
      "params": [
        1.6610542586582824,
        -0.8749207972638751,
        2.1155521196619365,
        0.687279680482233
      ],
      "L": [
        -0.05876791539888121,
        8.009025550588304e-25,
        -6.5119460201287874e-15,
        -0.22549219250446062,
        -6.602802604095713e-07,
        -0.003380242552614413
      ],
      "B": 0.11037080748695643
    }
  ]
}